Titel,Urheber,Lizenz,Lizenzname,Lizenzlink,Quelle,Quellseite,Inhaltstyp,Sprache,Abgerufen,SHA-256,Größe (Bytes),Datei,Knoten,H5P-Kennung
Bildersuche nach CC-Lizenz,Christian Schett,CC BY-SA 4.0,Namensnennung – Weitergabe unter gleichen Bedingungen (CC BY-SA),https://creativecommons.org/licenses/by-sa/4.0/,H5P OER Hub (h5p.org),https://hub-api.h5p.org/content/1291417836289683505/preview,H5P.CoursePresentation,de,2026-10-09,1af0c769fac5594861cb74effed9464313d75d098ff831e3558240d9188c64f2,5242856,hub-1291417836289683505.h5p,https://studio.mekotools.de/node/21,21
E-Mail,msh,CC BY-SA 4.0,Namensnennung – Weitergabe unter gleichen Bedingungen (CC BY-SA),https://creativecommons.org/licenses/by-sa/4.0/,H5P OER Hub (h5p.org),https://hub-api.h5p.org/content/1291395914494984975/preview,H5P.CoursePresentation,de,2026-10-09,4775a5c34c42de98a1d7adb6b768fab59b017d97cf39254bc857f7af238a147b,4220945,hub-1291395914494984975.h5p,https://studio.mekotools.de/node/26,26
Eingangstest zu den Zitierregeln,HS Nordhausen,CC BY-SA 4.0,Namensnennung – Weitergabe unter gleichen Bedingungen (CC BY-SA),https://creativecommons.org/licenses/by-sa/4.0/,H5P OER Hub (h5p.org),https://hub-api.h5p.org/content/1292758833992051605/preview,H5P.SingleChoiceSet,de,2026-10-09,274f6be8302f3a3be2f62f0bb25ec6fefc5559850f6f5e60a0aa70136325cda7,1044161,hub-1292758833992051605.h5p,https://studio.mekotools.de/node/22,22
Geschichte des Computers,msh,CC BY-SA 4.0,Namensnennung – Weitergabe unter gleichen Bedingungen (CC BY-SA),https://creativecommons.org/licenses/by-sa/4.0/,H5P OER Hub (h5p.org),https://hub-api.h5p.org/content/1291395917019232985/preview,H5P.CoursePresentation,de,2026-10-09,a657041e39d1b813773131a2327c289ee7d7dc8da58573570e534d9063a7c9fb,4219234,hub-1291395917019232985.h5p,https://studio.mekotools.de/node/28,28
Internetbrowser,msh,CC BY-SA 4.0,Namensnennung – Weitergabe unter gleichen Bedingungen (CC BY-SA),https://creativecommons.org/licenses/by-sa/4.0/,H5P OER Hub (h5p.org),https://hub-api.h5p.org/content/1291395917848346355/preview,H5P.CoursePresentation,de,2026-10-09,5e4ccb0954fe251a54f066de58553d9efe8355c2f32dd8675ca89a544a7cfa6a,4402978,hub-1291395917848346355.h5p,https://studio.mekotools.de/node/25,25
Künstliche Intelligenz – Ethik oder Panda-Diplomatie? | iMooX.at,Pädagogische Hochschule Steiermark,CC BY-SA 4.0,Namensnennung – Weitergabe unter gleichen Bedingungen (CC BY-SA),https://creativecommons.org/licenses/by-sa/4.0/,H5P OER Hub (h5p.org),https://hub-api.h5p.org/content/1292488218603812505/preview,H5P.InteractiveVideo,de,2026-10-09,17649af1f70b89085af98e6beb46e7b41ee11dc5e2df0484b1cbc6796b5e0095,4345380,hub-1292488218603812505.h5p,https://studio.mekotools.de/node/27,27
Netzwerke,msh,CC BY-SA 4.0,Namensnennung – Weitergabe unter gleichen Bedingungen (CC BY-SA),https://creativecommons.org/licenses/by-sa/4.0/,H5P OER Hub (h5p.org),https://hub-api.h5p.org/content/1291395929420091515/preview,H5P.CoursePresentation,de,2026-10-09,5569a4578949b8dc29e323766e05a3d0c18dd81a06f944bf5611c5fe6db13c15,4192340,hub-1291395929420091515.h5p,https://studio.mekotools.de/node/29,29
Sicherheit im Umgang mit dem Computer,msh,CC BY-SA 4.0,Namensnennung – Weitergabe unter gleichen Bedingungen (CC BY-SA),https://creativecommons.org/licenses/by-sa/4.0/,H5P OER Hub (h5p.org),https://hub-api.h5p.org/content/1291395931583315065/preview,H5P.CoursePresentation,de,2026-10-09,f71364de9c5d5a295411fa335fd8ea90eab45ca34fcc05f984e6272ef89f0498,4218307,hub-1291395931583315065.h5p,https://studio.mekotools.de/node/24,24
Soziale Netzwerke,msh,CC BY-SA 4.0,Namensnennung – Weitergabe unter gleichen Bedingungen (CC BY-SA),https://creativecommons.org/licenses/by-sa/4.0/,H5P OER Hub (h5p.org),https://hub-api.h5p.org/content/1291395943425135845/preview,H5P.CoursePresentation,de,2026-10-09,3c6d0c96dff5f7159256eb57ed185e351554d69af4323c1b9ce3b4ccc9c7263f,4313563,hub-1291395943425135845.h5p,https://studio.mekotools.de/node/23,23
Studienübersicht Mediennutzung in Deutschland,medienfux gGmbH,CC BY 1.0,Namensnennung (CC BY),https://creativecommons.org/licenses/by/1.0/,H5P OER Hub (h5p.org),https://hub-api.h5p.org/content/1291859973970563725/preview,H5P.Accordion,de,2026-10-09,33e176f76c29dfaba23b8a5b6577e92a341b2d41d87548626d4f96e0ab9e901a,565287,hub-1291859973970563725.h5p,https://studio.mekotools.de/node/1,1
Suchen und Finden im Internet,msh,CC BY-SA 4.0,Namensnennung – Weitergabe unter gleichen Bedingungen (CC BY-SA),https://creativecommons.org/licenses/by-sa/4.0/,H5P OER Hub (h5p.org),https://hub-api.h5p.org/content/1291395932861095915/preview,H5P.CoursePresentation,de,2026-10-09,863801001919105b4adbe586ab8c201871945dbd42f4b94d935576bb133b2b7d,4375263,hub-1291395932861095915.h5p,https://studio.mekotools.de/node/20,20
Urheberrechte,msh,CC BY-SA 4.0,Namensnennung – Weitergabe unter gleichen Bedingungen (CC BY-SA),https://creativecommons.org/licenses/by-sa/4.0/,H5P OER Hub (h5p.org),https://hub-api.h5p.org/content/1291395936003439235/preview,H5P.CoursePresentation,de,2026-10-09,d26062fddff42bb82a96fc448ee7fdc3cabe0e855df006bc1d8a24a94a87f36d,4298471,hub-1291395936003439235.h5p,https://studio.mekotools.de/node/30,30
(Social Media) Marketing,Husky,CC BY 4.0,Namensnennung (CC BY),https://creativecommons.org/licenses/by/4.0/,ZUM-Apps (apps.zum.de),https://apps.zum.de/apps/26978,H5P.Crossword,und,2026-10-09,895e2962813b6c5a5f068760a90b3e3692074cc1b30b190411494889c898b965,1112727,zum-26978.h5p,https://studio.mekotools.de/node/18,18
Ausgangstest: Fake News,ZUM Deutsch Lernen,CC BY 4.0,Namensnennung (CC BY),https://creativecommons.org/licenses/by/4.0/,ZUM-Apps (apps.zum.de),https://apps.zum.de/apps/48157,H5P.QuestionSet,und,2026-10-09,1d62ca04a7655b417cb19596315c5b1bd3683eb3a1b96355b6771a4fec504c28,1095977,zum-48157.h5p,https://studio.mekotools.de/node/9,9
Begriffe aus dem (Social Media) Marketing,Husky,CC BY 4.0,Namensnennung (CC BY),https://creativecommons.org/licenses/by/4.0/,ZUM-Apps (apps.zum.de),https://apps.zum.de/apps/26979,H5P.FindTheWords,und,2026-10-09,4fccb7dea0b96c2b5a55d6a2b656336f7cf7874ddfc7142f044ea5a2d3345341,619742,zum-26979.h5p,https://studio.mekotools.de/node/19,19
Challenge Klassenchat 1.1,"Studierende im Seminar L2D2 am Karlsruher Institut für Technologie (KIT), Medienkompetenz.Team",CC BY 4.0,Namensnennung (CC BY),https://creativecommons.org/licenses/by/4.0/,ZUM-Apps (apps.zum.de),https://apps.zum.de/apps/34898,H5P.InteractiveBook,und,2026-10-09,0bf971885cb974b325dbcf9722a63c4d3eb4af18b0c759b6c2dfdb6825a38ea4,7394646,zum-34898.h5p,https://studio.mekotools.de/node/15,15
Chatverläufe,Firstname Surname,CC PDM,Public Domain Mark (gemeinfrei),https://creativecommons.org/publicdomain/mark/1.0/,ZUM-Apps (apps.zum.de),https://apps.zum.de/apps/36762,H5P.CoursePresentation,und,2026-10-09,53f7e60ad892cb34b9f97a519f2cd24ad42fd29765dc1da270d04c68f2c59882,8710068,zum-36762.h5p,https://studio.mekotools.de/node/16,16
Checkpoint 1: Fake News wahrnehmen,ZUM Deutsch Lernen,CC BY 4.0,Namensnennung (CC BY),https://creativecommons.org/licenses/by/4.0/,ZUM-Apps (apps.zum.de),https://apps.zum.de/apps/48148,H5P.QuestionSet,und,2026-10-09,11ac7fcec49e3adc3039d5886c2a2fdb43873a5ae3bef8e657407749002f4054,1375808,zum-48148.h5p,https://studio.mekotools.de/node/2,2
Checkpoint 2: Arten von Fake News,ZUM Deutsch Lernen,CC BY 4.0,Namensnennung (CC BY),https://creativecommons.org/licenses/by/4.0/,ZUM-Apps (apps.zum.de),https://apps.zum.de/apps/48149,H5P.QuestionSet,und,2026-10-09,10a57445af347f70de45424047fd550ef16020cb78e10a90652951f9269c9857,1376012,zum-48149.h5p,https://studio.mekotools.de/node/3,3
Checkpoint 3: Merkmale von Fake News,ZUM Deutsch Lernen,CC BY 4.0,Namensnennung (CC BY),https://creativecommons.org/licenses/by/4.0/,ZUM-Apps (apps.zum.de),https://apps.zum.de/apps/48150,H5P.QuestionSet,und,2026-10-09,1c6009829172a2ec212c6018b364616b1d9d408814edbb9bbda1adece943d53c,1304121,zum-48150.h5p,https://studio.mekotools.de/node/4,4
Checkpoint 4: Gründe für Fake News,ZUM Deutsch Lernen,CC BY 4.0,Namensnennung (CC BY),https://creativecommons.org/licenses/by/4.0/,ZUM-Apps (apps.zum.de),https://apps.zum.de/apps/48151,H5P.QuestionSet,und,2026-10-09,ca69628e14e27fcac252c2c68bcd720559f77bab69685892eb5ca99d792a59c8,1214097,zum-48151.h5p,https://studio.mekotools.de/node/5,5
Checkpoint 5: Hilfe gegen Fake News,ZUM Deutsch Lernen,CC BY 4.0,Namensnennung (CC BY),https://creativecommons.org/licenses/by/4.0/,ZUM-Apps (apps.zum.de),https://apps.zum.de/apps/48152,H5P.QuestionSet,und,2026-10-09,2a29e3d7be289f16fa239783d74607bb5294b3b874cf5abff76f42a533384d78,1213998,zum-48152.h5p,https://studio.mekotools.de/node/6,6
Checkpoint 6: Gefahren von Fake News,ZUM Deutsch Lernen,CC BY 4.0,Namensnennung (CC BY),https://creativecommons.org/licenses/by/4.0/,ZUM-Apps (apps.zum.de),https://apps.zum.de/apps/48153,H5P.QuestionSet,und,2026-10-09,9a84939e3e1eca722c0dddd79a2731840c8580a6b4a92e97ea3ed7d6fd2abb1f,1214164,zum-48153.h5p,https://studio.mekotools.de/node/7,7
Checkpoint 7 (FSL): Deepfakes als besondere Gefahr,ZUM Deutsch Lernen,CC BY 4.0,Namensnennung (CC BY),https://creativecommons.org/licenses/by/4.0/,ZUM-Apps (apps.zum.de),https://apps.zum.de/apps/48362,H5P.QuestionSet,und,2026-10-09,3a1552342978b67767271645e545d5dc19c63df3a469a1fc6c0adcb6837b889d,1374609,zum-48362.h5p,https://studio.mekotools.de/node/8,8
Das Problem mit den Algorithmen - Quiz 🏆,"Max de Baey-Ernsten, Sebastian Hilt",CC BY 4.0,Namensnennung (CC BY),https://creativecommons.org/licenses/by/4.0/,ZUM-Apps (apps.zum.de),https://apps.zum.de/apps/37030,H5P.QuestionSet,und,2026-10-09,00673537ab64a482c1be07aa7a9e1f3ae4e7ead81215afc9542a63da2f0fbb1e,1937283,zum-37030.h5p,https://studio.mekotools.de/node/10,10
Fehlschlüsse erkennen,frauschuetze,CC BY 4.0,Namensnennung (CC BY),https://creativecommons.org/licenses/by/4.0/,ZUM-Apps (apps.zum.de),https://apps.zum.de/apps/45588,H5P.CoursePresentation,und,2026-10-09,a2f50cc227be8f01bb5631d092bd8ecb31671156ad5de19f2724b72980d60642,4871528,zum-45588.h5p,https://studio.mekotools.de/node/11,11
Medienbildung mit Mai,gbg,CC BY 4.0,Namensnennung (CC BY),https://creativecommons.org/licenses/by/4.0/,ZUM-Apps (apps.zum.de),https://apps.zum.de/apps/37579,H5P.InteractiveVideo,und,2026-10-09,502d76016415fa08ad48e5dc5e9c39a95a083a113e3b81eb56c6bf1ac152944a,4171379,zum-37579.h5p,https://studio.mekotools.de/node/12,12
Musik in sozialen Medien,LorenzSimon,CC BY 4.0,Namensnennung (CC BY),https://creativecommons.org/licenses/by/4.0/,ZUM-Apps (apps.zum.de),https://apps.zum.de/apps/29239,H5P.InteractiveVideo,und,2026-10-09,b8133158f57b7d1f500f5ec9e0deab9aa0a353c894c890e79e83d711fa8af5df,106905363,zum-29239.h5p,https://studio.mekotools.de/node/14,14
Möglichkeiten von OER Lizenzen,Ri_ke,CC BY 4.0,Namensnennung (CC BY),https://creativecommons.org/licenses/by/4.0/,ZUM-Apps (apps.zum.de),https://apps.zum.de/apps/42945,H5P.ImageHotspots,und,2026-10-09,cb484f46934580a9e90788b201dd94965a3abc3ecfc6ec6db13db02c0a34b979,1562681,zum-42945.h5p,https://studio.mekotools.de/node/13,13
Rätsel - Verhalten im Gruppenchat,Firstname Surname,CC PDM,Public Domain Mark (gemeinfrei),https://creativecommons.org/publicdomain/mark/1.0/,ZUM-Apps (apps.zum.de),https://apps.zum.de/apps/38794,H5P.CoursePresentation,und,2026-10-09,30f9c863554fd567b2a2533d5bd09fb0bbcda7a1512ce222de3d55f02779a987,9435669,zum-38794.h5p,https://studio.mekotools.de/node/17,17
